{
  "name": "kaisyn:village/old_growth_taiga_polish/terminators",
  "fallback": "minecraft:empty",
  "elements": [
    {
      "weight": 1,
      "element": {
        "element_type": "minecraft:legacy_single_pool_element",
        "projection": "terrain_matching",
        "location": "kaisyn:village/old_growth_taiga_polish/terminators/end_1",
        "processors": "kaisyn:village/street_polish"
      }
    },
    {
      "weight": 1,
      "element": {
        "element_type": "minecraft:legacy_single_pool_element",
        "projection": "terrain_matching",
        "location": "kaisyn:village/old_growth_taiga_polish/terminators/end_2",
        "processors": "kaisyn:village/street_polish"
      }
    }
  ]
}
