{
    "pools": [
        {
            "rolls":5,
            "entries": [
                {
                    "type":"item",
                    "weight":1,
                    "name": "minecraft:sunflower",
                    "functions": [
                        {
                            "function": "minecraft:set_count",
                            "count": {
                                "type": "minecraft:uniform",
                                "min": 1,
                                "max": 9
                            }
                        }
                    ]
                }
            ]
        }
    ]
}