{
	"pools": [
		{
			"rolls": {
				"min": 4,
				"max": 7
			},
			"entries": [
				{
					"type": "minecraft:item",
					"weight": 3,
					"name": "minecraft:fishing_rod",
					"functions": [
						{
							"function": "minecraft:enchant_randomly"
						}
					]
				},
				{
					"type": "minecraft:item",
					"weight": 2,
					"name": "minecraft:golden_boots"
				},
				{
					"type": "minecraft:item",
					"weight": 2,
					"name": "minecraft:golden_leggings"
				},
				{
					"type": "minecraft:item",
					"weight": 2,
					"name": "minecraft:golden_chestplate"
				},
				{
					"type": "minecraft:item",
					"weight": 2,
					"name": "minecraft:golden_helmet"
				},
				{
					"type": "minecraft:item",
					"weight": 2,
					"name": "minecraft:stone_axe"
				},
				{
					"type": "minecraft:item",
					"weight": 2,
					"name": "minecraft:salmon_bucket"
				},
				{
					"type": "minecraft:item",
					"weight": 2,
					"name": "minecraft:cod_bucket"
				},
				{
					"type": "minecraft:item",
					"weight": 2,
					"name": "minecraft:water_bucket"
				},
				{
					"type": "minecraft:item",
					"weight": 2,
					"name": "minecraft:prismarine",
					"functions": [
						{
							"function": "minecraft:set_count",
							"count": {
								"min": 3,
								"max": 12
							},
							"add": false
						}
					]
				},
				{
					"type": "minecraft:item",
					"weight": 2,
					"name": "minecraft:stone_bricks",
					"functions": [
						{
							"function": "minecraft:set_count",
							"count": {
								"min": 3,
								"max": 12
							},
							"add": false
						}
					]
				},
				{
					"type": "minecraft:item",
					"weight": 3,
					"name": "minecraft:coal",
					"functions": [
						{
							"function": "minecraft:set_count",
							"count": {
								"min": 1,
								"max": 5
							},
							"add": false
						}
					]
				},
				{
					"type": "minecraft:item",
					"weight": 3,
					"name": "minecraft:rotten_flesh",
					"functions": [
						{
							"function": "minecraft:set_count",
							"count": {
								"min": 1,
								"max": 5
							},
							"add": false
						}
					]
				},
				{
					"type": "minecraft:item",
					"weight": 1,
					"name": "minecraft:nautilus_shell",
					"functions": [
						{
							"function": "minecraft:set_count",
							"count": {
								"min": 1,
								"max": 2
							},
							"add": false
						}
					]
				},
				{
					"type": "minecraft:item",
					"weight": 4,
					"name": "minecraft:prismarine_crystals",
					"functions": [
						{
							"function": "minecraft:set_count",
							"count": {
								"min": 2,
								"max": 5
							},
							"add": false
						}
					]
				},
				{
					"type": "minecraft:item",
					"weight": 4,
					"name": "minecraft:prismarine_shard",
					"functions": [
						{
							"function": "minecraft:set_count",
							"count": {
								"min": 2,
								"max": 5
							},
							"add": false
						}
					]
				},
				{
					"type": "minecraft:item",
					"weight": 3,
					"name": "minecraft:seagrass",
					"functions": [
						{
							"function": "minecraft:set_count",
							"count": {
								"min": 2,
								"max": 5
							},
							"add": false
						}
					]
				},
				{
					"type": "minecraft:item",
					"weight": 3,
					"name": "minecraft:kelp",
					"functions": [
						{
							"function": "minecraft:set_count",
							"count": {
								"min": 2,
								"max": 5
							},
							"add": false
						}
					]
				},
				{
					"type": "minecraft:item",
					"weight": 3,
					"name": "minecraft:wheat",
					"functions": [
						{
							"function": "minecraft:set_count",
							"count": {
								"min": 2,
								"max": 5
							},
							"add": false
						}
					]
				},
				{
					"type": "minecraft:item",
					"weight": 3,
					"name": "minecraft:bone",
					"functions": [
						{
							"function": "minecraft:set_count",
							"count": {
								"min": 2,
								"max": 5
							},
							"add": false
						}
					]
				},
				{
					"type": "minecraft:item",
					"weight": 5,
					"name": "minecraft:gold_ingot",
					"functions": [
						{
							"function": "minecraft:set_count",
							"count": {
								"min": 2,
								"max": 6
							},
							"add": false
						}
					]
				},
				{
					"type": "minecraft:item",
					"weight": 5,
					"name": "minecraft:iron_ingot",
					"functions": [
						{
							"function": "minecraft:set_count",
							"count": {
								"min": 2,
								"max": 6
							},
							"add": false
						}
					]
				},
				{
					"type": "minecraft:item",
					"weight": 5,
					"name": "minecraft:copper_ingot",
					"functions": [
						{
							"function": "minecraft:set_count",
							"count": {
								"min": 2,
								"max": 6
							},
							"add": false
						}
					]
				},
				{
					"type": "minecraft:item",
					"weight": 5,
					"name": "minecraft:emerald",
					"functions": [
						{
							"function": "minecraft:set_count",
							"count": {
								"min": 2,
								"max": 6
							},
							"add": false
						}
					]
				},
				{
					"type": "minecraft:item",
					"weight": 6,
					"name": "minecraft:gold_nugget",
					"functions": [
						{
							"function": "minecraft:set_count",
							"count": {
								"min": 4,
								"max": 12
							},
							"add": false
						}
					]
				},
				{
					"type": "minecraft:item",
					"weight": 6,
					"name": "minecraft:iron_nugget",
					"functions": [
						{
							"function": "minecraft:set_count",
							"count": {
								"min": 4,
								"max": 12
							},
							"add": false
						}
					]
				},
				{
					"type": "minecraft:item",
					"weight": 4,
					"name": "minecraft:book",
					"functions": [
						{
							"function": "minecraft:enchant_randomly"
						}
					]
				}
			]
		}
	]
}
