{
  "pools": [
    {
      "rolls": 1,
      "entries": [
        {
          "type": "minecraft:item",
          "name": "minecraft:iron_sword",
          "functions": [
            {
              "function": "minecraft:set_nbt",
              "tag": "{display:{Name:'{\"text\":\"Fleshbone Sword\",\"color\":\"gold\",\"italic\":false}',Lore:['{\"text\":\"Undead Stun I\",\"color\":\"gray\",\"italic\":false}','{\"text\":\"Deals Slowness III for 2 seconds\",\"color\":\"dark_gray\",\"italic\":false}','{\"text\":\"on undead mobs.\",\"color\":\"dark_gray\",\"italic\":false}']},CustomModelData:17101,dnl.item:1b,dnl.sword:1b,dnl.plains:1b,dnl.fleshbone_sword:1b,dnl.unconvertable:1b,Enchantments:[{id:\"minecraft:smite\",lvl:3s}]}"
            }
          ]
        }
      ]
    }
  ]
}
