{
  "pools": [
    {
      "rolls": 1,
      "entries": [
        {
          "type": "minecraft:item",
          "name": "minecraft:iron_axe",
          "functions": [
            {
              "function": "minecraft:set_nbt",
              "tag": "{display:{Name:'{\"text\":\"Ominous Axe\",\"color\":\"gold\",\"italic\":false}',Lore:['{\"text\":\"Illager Aspect\",\"color\":\"gray\",\"italic\":false}','{\"text\":\"When dealing damage on Illager mob,\",\"color\":\"dark_gray\",\"italic\":false}','{\"text\":\"it has 20% chance of dropping\",\"color\":\"dark_gray\",\"italic\":false}','{\"text\":\"an Emerald.\",\"color\":\"dark_gray\",\"italic\":false}','{\"text\":\"Evolution\",\"color\":\"gray\",\"italic\":false}','{\"text\":\"This item evolves when you\",\"color\":\"dark_gray\",\"italic\":false}','{\"text\":\"collect 10 Emeralds by attacking\",\"color\":\"dark_gray\",\"italic\":false}','{\"text\":\"the Illagers.\",\"color\":\"dark_gray\",\"italic\":false}']},CustomModelData:17104,dnl.item:1b,dnl.axe:1b,dnl.plains:1b,dnl.ominous_axe:1b,dnl:{exp:0b},dnl.unconvertable:1b,Enchantments:[{id:\"minecraft:sharpness\",lvl:1s}]}"
            }
          ]
        }
      ]
    }
  ]
}
