{
    "pools": [
        {
            "rolls": 1,
            "entries": [
                {
                    "type": "minecraft:item",
                    "name": "minecraft:enchanted_book",
                    "functions": [
                        {
                            "function": "minecraft:set_enchantments",
                            "enchantments": {
                                "minecraft:punch": 2
                            }
                        }
                    ]
                }
            ]
        }
    ]
}