{
    "type": "minecraft:chest",
    "pools": [
        {
            "rolls": {
                "min": {
                    "type": "minecraft:score",
                    "target": {
                        "type": "minecraft:fixed",
                        "name": "#dnl.min"
                    },
                    "score": "dnl.rng"
                },
                "max": {
                    "type": "minecraft:score",
                    "target": {
                        "type": "minecraft:fixed",
                        "name": "#dnl.max"
                    },
                    "score": "dnl.rng"
                }
            },
            "entries": [
                {
                    "type": "minecraft:item",
                    "name": "minecraft:air"
                }
            ]
        }
    ]
}