imrhappy,49b02041-c655-4679-b746-304830468c08
pxntom_link,54ac58c5-6ca3-4fa8-b82e-738c85bbfe64
meat22proguns,bd1dfd29-a640-4a84-a5ca-514cdda521b7
eggperson,6bf8bff5-4220-4081-b69f-b03854891f2c
crushersky,a0c511d8-b91f-4779-b878-3c5016da4cb2
oskay1000,066dcd5b-0016-4bde-b8a7-5aaab2cbadd5
cubiccannon2226,19b8a681-7fc1-4f12-b2f2-e5cd1aed8a54
bigladdalex,fd6cc8a5-d255-4ef0-a529-837bba75c184
nicolauze,45cf2fa6-76fa-402e-8dc5-1f574d9e5066
neulain,a19be26a-4811-4532-95a0-b332677ac8ad
sajanator3,3a473f86-03c6-4df1-94dd-6d73c1bb6db8
miles_121,1016fc9f-c752-462d-a808-1e7d6bdf8721
gamertetra,374b053a-9a05-4eba-9508-83f55463a85c
siomaiiii,24660512-c053-4e71-ba32-3477e01b248c
jkiu46,cdbff2e9-909c-4bd0-b90e-dca77604225f
euty,66e30c16-2a11-4a00-bfa6-a4c03e85306e
gckluke,26f5e936-1a8a-464b-b609-c52fccb430be
silentcall,7f65c5cc-942d-4854-a4ed-0aed16c7b832
fauldsy,c5388bec-d7a5-4054-afec-62aa44c4ec9b
nymoh,eda0960a-7736-4ab8-8cfe-2439e18fce39
jackmoss,7e3bf268-332c-4dd4-82fc-16ede90d8ab4
superchiken,2934c554-3966-4d73-a611-e5c2540cee2a
liamclarkmoreno,5580fc6b-fdf8-4e19-8865-1f835dd0a238
ah_arthro,d0a9ee70-a245-43c7-9bdc-a14ce46bb6a3
alicat2000,37ddab61-2c47-43fb-9c3c-4b304f3052b0
ipsum_lorem,f20969c0-2770-4652-8119-2cc569a44d33
rozbotxo,d1637f9e-76b3-42f0-81b2-03c717614d84
iphoned,53a82555-a02b-4c08-a347-9377119a9658
sheklessh2o,97a89733-2f19-488b-83eb-c7b28d025616
ttypcallum,3c34d270-9759-4481-84b1-060cf0d36910
scythorix,c394ee58-30ee-492e-a95a-d13095f4a51f
tj1572,2248e667-1b8f-4e06-a1c1-ff80a19ac8b0
firehawk3221,3fcf8255-739f-48d6-8af7-7bf4ef2d7aa3
stanislavcdp,aced7f50-a7a0-43b6-9134-54dbbf4942af
murdochvi,02ff6903-3645-428c-ae74-710afe222dd6
givemeurcamdaddy,c227c13d-9fc8-48e9-8c74-4b98ea97c42e
ripleyyx,06b7feac-9288-4bde-9c30-279348260e94
coxyribose,45486be6-9040-48cc-b26f-a1b49d6a95a2
duckyghost,d7ddfcbb-7d93-478c-a74c-485ab8c29369
anonamsk,c8a9c2d2-0ccf-4fc1-bad8-94a2152de883
forgot2name,0ab452a7-9890-4441-9288-78e825a29f81
noto330,29609fae-7827-4a5a-9896-9b72c3875474
eletrico_,96956e50-5d0a-44d0-86f4-64410f14fd25
eric_pickles,396ab114-1bbe-40e9-9b8b-0519ad105ba0
zeie,ffa48518-39f6-48c6-b9dd-beec711e379e
mayannaise_,20595fb3-32b9-4bd7-8de2-4f0840534f10
_zeieh,00000000-0000-0000-0009-01fd8270b9b0
ashvin9567,ac6ed4de-a51d-4569-bdd4-5b09491351ef
sdups,6fa95e81-2556-40f1-afb3-7711c0592f71
yelaax,b038d195-d18a-40c2-a29a-030ce5bf304a
mortistorm,d57972ee-179c-43b4-a97b-c87e8d1d1548
ameliaxzzz,4e47af6a-0466-4592-8fea-f42f78759330
whiteknight43,ff2a22f0-0514-4d02-aeb4-ffb4e73758dd
astralmarty,a2eb4104-87ea-47b4-b002-0c02387899e8
komm_,4a7e804f-6073-4a7a-b602-89c63aa16df6
ellielouise,013e8700-4b9c-46ae-abea-dca88806d562
miles96,b128c50e-0cfc-4643-8bd7-df555f717268
cp_12304,ba4bc289-19dc-4abe-97f3-a7cd029e92d0
ex_bert,97bab731-90fb-4b8e-a079-e199306cd615
shed_mcspasman,e53080d7-6af6-4f50-9676-6d400516c2ea
asodym,219d4746-fba4-410d-a60e-9ac8a5936b27
quinoa64,cbc616b4-e67a-41ab-9ad0-845b06cd3473
bx3s,dfbbf0b5-097c-43e3-a3a0-795096881fe8
tymw,bd50ba27-8312-4255-8e3e-a51c5333fd99
bob443,91c1754b-9d71-48dc-9c92-30c1588673e6
cinnabar_,7ab1f363-debd-4435-90c9-aa8c2f0d597b
murdochvxi,518cf9c6-9be4-4772-810b-b14167f24042
damightyshmo,b16722e4-2a5b-4de8-b532-482e45d5c54d
captainrtn,ededd8cc-8f08-4754-9060-530f081d9e14
semaj1300,60470e7b-64d2-4c2f-a332-638a33fe2bcf
chib1ch4n,0644448d-a59a-4a9f-be12-f27c67a601b7
cloudboy44,210a0db8-2b7f-4a1f-a01d-b612577224a8
jcr101,c51aa98f-e67f-4c38-a6a1-af4f4f82c4c0
ggallus,050a5039-1bc1-435d-9803-40320832cf73
granola_gary,e9ff2d77-f03a-4c7a-966b-99012e191ef5
pkcrory,19aa0451-6c1a-49a8-92c1-abd828cc1ec5
bethbanrich,3359b0ec-e39a-4bd9-be0d-02e8c7aac1a6
emmiii_,d38af180-7a0f-4bf0-a32a-28f98a4315ed
catpearson101,7d581ec4-1da2-4201-8aa1-b4c0bc6e1183
_arthroafk,00000000-0000-0000-0009-00000dba5202
