{
    "display": {
      "icon": {
        "item": "minecraft:iron_pickaxe",
        "nbt": "{Enchantments:[{}],CustomModelData:17103}"
      },
      "title": "Spawner Breaker",
      "description": "Craft the Spawner Breaker!",
      "frame": "goal",
      "show_toast": true,
      "announce_to_chat": true,
      "hidden": false
    },
    "parent": "dnl:story/structures/labyrinth/chaos_spawner",
    "criteria": {
      "spawner_breaker": {
        "trigger": "minecraft:inventory_changed",
        "conditions": {
          "items": [
            {
              "items": [
                "minecraft:iron_pickaxe"
              ],
              "nbt": "{dnl.spawner_breaker:1b}"
            }
          ]
        }
      }
    },
    "requirements": [
      [
        "spawner_breaker"
      ]
    ]
  }
  