{
  "display": {
    "icon": {
      "item": "minecraft:iron_sword",
      "nbt": "{Enchantments:[{}],CustomModelData:17101}"
    },
    "title": "Crafting with Corpse",
    "description": "Obtain Fleshbone Sword and Bow",
    "frame": "goal",
    "show_toast": true,
    "announce_to_chat": true,
    "hidden": false
  },
  "parent": "dnl:story/structures/labyrinth/open_spawner_chest",
  "criteria": {
    "fleshbone_sword": {
      "trigger": "minecraft:inventory_changed",
      "conditions": {
        "items": [
          {
            "items": [
              "minecraft:iron_sword"
            ],
            "nbt": "{dnl.fleshbone_sword:1b}"
          }
        ]
      }
    },
    "fleshbone_bow": {
      "trigger": "minecraft:inventory_changed",
      "conditions": {
        "items": [
          {
            "items": [
              "minecraft:bow"
            ],
            "nbt": "{dnl.fleshbone_bow:1b}"
          }
        ]
      }
    }
  },
  "requirements": [
    [
      "fleshbone_sword"
    ],
    [
      "fleshbone_bow"
    ]
  ]
}
