{
	"type": "minecraft:jigsaw",
	"biomes": "#imst:has_structure/beehouse",
	"step": "surface_structures",
	"spawn_overrides": {
		"misc": {
			"bounding_box": "piece",
			"spawns": [
				{
					"type": "minecraft:bee",
					"weight": 1,
					"minCount": 0,
					"maxCount": 1
				}
			]
		}
	},
	"terrain_adaptation": "beard_thin",
	"start_pool": "imst:beehouse/start",
	"size": 1,
	"start_height": {
		"absolute": 0
	},
	"project_start_to_heightmap": "WORLD_SURFACE_WG",
	"max_distance_from_center": 80,
	"use_expansion_hack": false
}