{
  "name": "kaisyn:village/mushroom_fields_fantasy/animals",
  "fallback": "kaisyn:village/mushroom_fields_fantasy/animals",
  "elements": [
    {
      "weight": 1,
      "element": {
        "element_type": "minecraft:legacy_single_pool_element",
        "projection": "rigid",
        "location": "kaisyn:village/mushroom_fields_fantasy/mooshrooms/mooshroom_brown",
        "processors": "minecraft:empty"
      }
    },
    {
      "weight": 1,
      "element": {
        "element_type": "minecraft:legacy_single_pool_element",
        "projection": "rigid",
        "location": "kaisyn:village/mushroom_fields_fantasy/mooshrooms/mooshroom_red",
        "processors": "minecraft:empty"
      }
    }
  ]
}
