{
    "replace": false,
    "values": [
        "minecraft:badlands",
        {
            "id": "byg:autacama_desert",
            "required": false
        },
        {
            "id": "terralith:arid_highlands",
            "required": false
        },
        {
            "id": "terralith:red_oasis",
            "required": false
        },
        {
            "id": "terralith:snowy_badlands",
            "required": false
        },
        {
            "id": "wythers:badlands_desert",
            "required": false
        },
        {
            "id": "wythers:kwongan_heath",
            "required": false
        },
        {
            "id": "wythers:outback_desert",
            "required": false
        },
        {
            "id": "wythers:red_desert",
            "required": false
        }
    ]
}