{
    "replace": false,
    "values": [
        "minecraft:beach",
        {
            "id": "biomesoplenty:dune_beach",
            "required": false
        },
        {
            "id": "byg:rainbow_beach",
            "required": false
        },
        {
            "id": "byg:windswept_beach",
            "required": false
        },
        {
            "id": "terralith:gravel_beach",
            "required": false
        },
        {
            "id": "wythers:black_beach",
            "required": false
        },
        {
            "id": "wythers:desert_beach",
            "required": false
        },
        {
            "id": "wythers:gravelly_beach",
            "required": false
        },
        {
            "id": "wythers:sand_dunes",
            "required": false
        },
        {
            "id": "wythers:tropical_beach",
            "required": false
        }
    ]
}