{
  "name": "kaisyn:village/birch_forest_romanian/houses",
  "fallback": "kaisyn:village/birch_forest_romanian/terminators",
  "elements": [
    {
      "weight": 2,
      "element": {
        "location": "kaisyn:village/birch_forest_romanian/houses/birch_forest_small_house_1",
        "processors": "kaisyn:village/street_romanian",
        "projection": "rigid",
        "element_type": "minecraft:legacy_single_pool_element"
      }
    },
    {
      "weight": 2,
      "element": {
        "location": "kaisyn:village/birch_forest_romanian/houses/birch_forest_small_house_2",
        "processors": "kaisyn:village/street_romanian",
        "projection": "rigid",
        "element_type": "minecraft:legacy_single_pool_element"
      }
    },
    {
      "weight": 2,
      "element": {
        "location": "kaisyn:village/birch_forest_romanian/houses/birch_forest_small_house_3",
        "processors": "kaisyn:village/street_romanian",
        "projection": "rigid",
        "element_type": "minecraft:legacy_single_pool_element"
      }
    },
    {
      "weight": 2,
      "element": {
        "location": "kaisyn:village/birch_forest_romanian/houses/birch_forest_small_house_4",
        "processors": "kaisyn:village/street_romanian",
        "projection": "rigid",
        "element_type": "minecraft:legacy_single_pool_element"
      }
    },
    {
      "weight": 2,
      "element": {
        "location": "kaisyn:village/birch_forest_romanian/houses/birch_forest_small_house_5",
        "processors": "kaisyn:village/street_romanian",
        "projection": "rigid",
        "element_type": "minecraft:legacy_single_pool_element"
      }
    },
    {
      "weight": 2,
      "element": {
        "location": "kaisyn:village/birch_forest_romanian/houses/birch_forest_small_house_6",
        "processors": "kaisyn:village/street_romanian",
        "projection": "rigid",
        "element_type": "minecraft:legacy_single_pool_element"
      }
    },
    {
      "weight": 3,
      "element": {
        "location": "kaisyn:village/birch_forest_romanian/houses/birch_forest_medium_house_1",
        "processors": "kaisyn:village/street_romanian",
        "projection": "rigid",
        "element_type": "minecraft:legacy_single_pool_element"
      }
    },
    {
      "weight": 3,
      "element": {
        "location": "kaisyn:village/birch_forest_romanian/houses/birch_forest_medium_house_2",
        "processors": "kaisyn:village/street_romanian",
        "projection": "rigid",
        "element_type": "minecraft:legacy_single_pool_element"
      }
    },
    {
      "weight": 3,
      "element": {
        "location": "kaisyn:village/birch_forest_romanian/houses/birch_forest_large_house_1",
        "processors": "kaisyn:village/street_romanian",
        "projection": "rigid",
        "element_type": "minecraft:legacy_single_pool_element"
      }
    },
    {
      "weight": 3,
      "element": {
        "location": "kaisyn:village/birch_forest_romanian/houses/birch_forest_armorer_and_toolsmith_1",
        "processors": "kaisyn:village/street_romanian",
        "projection": "rigid",
        "element_type": "minecraft:legacy_single_pool_element"
      }
    },
    {
      "weight": 3,
      "element": {
        "location": "kaisyn:village/birch_forest_romanian/houses/birch_forest_cartographer_and_library_1",
        "processors": "kaisyn:village/street_romanian",
        "projection": "rigid",
        "element_type": "minecraft:legacy_single_pool_element"
      }
    },
    {
      "weight": 2,
      "element": {
        "location": "kaisyn:village/birch_forest_romanian/houses/birch_forest_small_farm_1",
        "processors": "kaisyn:village/street_romanian",
        "projection": "rigid",
        "element_type": "minecraft:legacy_single_pool_element"
      }
    },
    {
      "weight": 2,
      "element": {
        "location": "kaisyn:village/birch_forest_romanian/houses/birch_forest_fisher_1",
        "processors": "kaisyn:village/street_romanian",
        "projection": "rigid",
        "element_type": "minecraft:legacy_single_pool_element"
      }
    },
    {
      "weight": 2,
      "element": {
        "location": "kaisyn:village/birch_forest_romanian/houses/birch_forest_fletcher_1",
        "processors": "kaisyn:village/street_romanian",
        "projection": "rigid",
        "element_type": "minecraft:legacy_single_pool_element"
      }
    },
    {
      "weight": 2,
      "element": {
        "location": "kaisyn:village/birch_forest_romanian/houses/birch_forest_mason_1",
        "processors": "kaisyn:village/street_romanian",
        "projection": "rigid",
        "element_type": "minecraft:legacy_single_pool_element"
      }
    },
    {
      "weight": 3,
      "element": {
        "location": "kaisyn:village/birch_forest_romanian/houses/birch_forest_shepherd_1",
        "processors": "kaisyn:village/street_romanian",
        "projection": "rigid",
        "element_type": "minecraft:legacy_single_pool_element"
      }
    },
    {
      "weight": 3,
      "element": {
        "location": "kaisyn:village/birch_forest_romanian/houses/birch_forest_butcher_and_leatherworker_1",
        "processors": "kaisyn:village/street_romanian",
        "projection": "rigid",
        "element_type": "minecraft:legacy_single_pool_element"
      }
    },
    {
      "weight": 3,
      "element": {
        "location": "kaisyn:village/birch_forest_romanian/houses/birch_forest_weaponsmith_1",
        "processors": "kaisyn:village/street_romanian",
        "projection": "rigid",
        "element_type": "minecraft:legacy_single_pool_element"
      }
    }
  ]
}
