{
    "replace": false,
    "values": [
        {
            "id": "byg:autumnal_forest",
            "required": false
        },
        {
            "id": "byg:autumnal_taiga",
            "required": false
        },
        {
            "id": "biomesoplenty:boreal_forest",
            "required": false
        },
        {
            "id": "biomesoplenty:seasonal_forest",
            "required": false
        },
        {
            "id": "promenade:pumpkin_pastures",
            "required": false
        },       
        {
            "id": "wythers:autumnal_flower_forest",
            "required": false
        },
        {
            "id": "wythers:autumnal_forest",
            "required": false
        },        
        {
            "id": "wythers:autumnal_forest_edge",
            "required": false
        },
        {
            "id": "wythers:autumnal_plains",
            "required": false
        },        
        {
            "id": "wythers:harvest_fields",
            "required": false
        }
    ]
}