{
	"processors": [
		{
			"processor_type": "minecraft:rule",
			"rules": [
				{
					"location_predicate": {
						"predicate_type": "minecraft:always_true"
					},
					"input_predicate": {
						"predicate_type": "minecraft:random_block_match",
						"block": "minecraft:bone_block",
						"probability": 0.09
					},
					"output_state": {
						"Name": "minecraft:water"
					}
				},
				{
					"location_predicate": {
						"predicate_type": "minecraft:always_true"
					},
					"input_predicate": {
						"predicate_type": "minecraft:random_block_match",
						"block": "minecraft:bone_block",
						"probability": 0.2
					},
					"output_state": {
						"Name": "minecraft:coal_ore"
					}
				}
			]
		}
	]
}
