{
	"processors": [
		{
			"processor_type": "minecraft:rule",
			"rules": [
				{
					"location_predicate": {
						"predicate_type": "minecraft:always_true"
					},
					"input_predicate": {
						"predicate_type": "minecraft:random_block_match",
						"block": "minecraft:polished_diorite",
						"probability": 0.2
					},
					"output_state": {
						"Name": "minecraft:polished_granite"
					}
				},
				{
					"location_predicate": {
						"predicate_type": "minecraft:always_true"
					},
					"input_predicate": {
						"predicate_type": "minecraft:random_block_match",
						"block": "minecraft:polished_diorite",
						"probability": 0.23
					},
					"output_state": {
						"Name": "minecraft:emerald_block"
					}
				},
				{
					"location_predicate": {
						"predicate_type": "minecraft:always_true"
					},
					"input_predicate": {
						"predicate_type": "minecraft:random_block_match",
						"block": "minecraft:polished_diorite",
						"probability": 0.25
					},
					"output_state": {
						"Name": "minecraft:light_blue_terracotta"
					}
				},
				{
					"location_predicate": {
						"predicate_type": "minecraft:always_true"
					},
					"input_predicate": {
						"predicate_type": "minecraft:random_block_match",
						"block": "minecraft:sandstone",
						"probability": 0.1
					},
					"output_state": {
						"Name": "minecraft:cut_sandstone"
					}
				},
				{
					"location_predicate": {
						"predicate_type": "minecraft:always_true"
					},
					"input_predicate": {
						"predicate_type": "minecraft:random_block_match",
						"block": "minecraft:sandstone",
						"probability": 0.04
					},
					"output_state": {
						"Name": "minecraft:smooth_sandstone"
					}
				},
				{
					"location_predicate": {
						"predicate_type": "minecraft:always_true"
					},
					"input_predicate": {
						"predicate_type": "minecraft:random_block_match",
						"block": "minecraft:sandstone",
						"probability": 0.2
					},
					"output_state": {
						"Name": "minecraft:prismarine"
					}
				}
			]
		}
	]
}
