{
  "name": "kaisyn:village/meadow_swiss/streets",
  "fallback": "kaisyn:village/meadow_swiss/terminators",
  "elements": [
    {
      "weight": 1,
      "element": {
        "location": "kaisyn:village/meadow_swiss/streets/corner_01",
        "processors": "kaisyn:village/street_meadow",
        "projection": "terrain_matching",
        "element_type": "minecraft:legacy_single_pool_element"
      }
    },
    {
      "weight": 1,
      "element": {
        "location": "kaisyn:village/meadow_swiss/streets/corner_02",
        "processors": "kaisyn:village/street_meadow",
        "projection": "terrain_matching",
        "element_type": "minecraft:legacy_single_pool_element"
      }
    },
    {
      "weight": 1,
      "element": {
        "location": "kaisyn:village/meadow_swiss/streets/corner_03",
        "processors": "kaisyn:village/street_meadow",
        "projection": "terrain_matching",
        "element_type": "minecraft:legacy_single_pool_element"
      }
    },
    {
      "weight": 1,
      "element": {
        "location": "kaisyn:village/meadow_swiss/streets/crossroad_01",
        "processors": "kaisyn:village/street_meadow",
        "projection": "terrain_matching",
        "element_type": "minecraft:legacy_single_pool_element"
      }
    },
    {
      "weight": 1,
      "element": {
        "location": "kaisyn:village/meadow_swiss/streets/crossroad_02",
        "processors": "kaisyn:village/street_meadow",
        "projection": "terrain_matching",
        "element_type": "minecraft:legacy_single_pool_element"
      }
    },
    {
      "weight": 1,
      "element": {
        "location": "kaisyn:village/meadow_swiss/streets/crossroad_03",
        "processors": "kaisyn:village/street_meadow",
        "projection": "terrain_matching",
        "element_type": "minecraft:legacy_single_pool_element"
      }
    },
    {
      "weight": 1,
      "element": {
        "location": "kaisyn:village/meadow_swiss/streets/crossroad_04",
        "processors": "kaisyn:village/street_meadow",
        "projection": "terrain_matching",
        "element_type": "minecraft:legacy_single_pool_element"
      }
    },
    {
      "weight": 1,
      "element": {
        "location": "kaisyn:village/meadow_swiss/streets/straight_01",
        "processors": "kaisyn:village/street_meadow",
        "projection": "terrain_matching",
        "element_type": "minecraft:legacy_single_pool_element"
      }
    },
    {
      "weight": 1,
      "element": {
        "location": "kaisyn:village/meadow_swiss/streets/straight_02",
        "processors": "kaisyn:village/street_meadow",
        "projection": "terrain_matching",
        "element_type": "minecraft:legacy_single_pool_element"
      }
    },
    {
      "weight": 1,
      "element": {
        "location": "kaisyn:village/meadow_swiss/streets/straight_03",
        "processors": "kaisyn:village/street_meadow",
        "projection": "terrain_matching",
        "element_type": "minecraft:legacy_single_pool_element"
      }
    },
   {
    "weight": 1,
    "element": {
      "location": "kaisyn:village/meadow_swiss/streets/straight_04",
      "processors": "kaisyn:village/street_meadow",
      "projection": "terrain_matching",
      "element_type": "minecraft:legacy_single_pool_element"
    }
   },
   {
    "weight": 1,
    "element": {
      "location": "kaisyn:village/meadow_swiss/streets/straight_05",
      "processors": "kaisyn:village/street_meadow",
      "projection": "terrain_matching",
      "element_type": "minecraft:legacy_single_pool_element"
    }
  }
  ]
}